id,name,email,age,city,country,phone,signup_date
1,Jessica Chapman,nhutchinson@holland.com,31,North Clinton,Nicaragua,859.313.5270x3909,2020-08-24
2,Ryan Russell,heidigomez@yahoo.com,28,New Josephshire,San Marino,976.201.3741x269,2021-10-11
3,Steven Bennett,howard46@hotmail.com,22,Port Katelyn,Burundi,+1-621-913-9616x6255,2022-07-22
4,David Pope,williamspaul@myers-berry.biz,68,Oneillchester,Sierra Leone,+1-444-046-5818x369,2025-01-17
5,Evan Tucker,jennifer44@yahoo.com,41,Hallside,Sri Lanka,581-981-7038x159,2020-08-09
6,Miranda Salinas,lewismark@yahoo.com,30,East Charlesstad,Finland,434-668-8304x02729,2020-08-07
7,Morgan Salazar,alexanderjohnson@miller.net,69,Lake Shawnport,Croatia,6456545955,2025-06-09
8,Monique Wallace,uallen@hotmail.com,31,Lake Barbara,Mexico,580-821-9466x042,2023-07-05
9,Danielle Wagner,hlopez@hotmail.com,49,Katiestad,Kuwait,048-034-6904x6214,2024-12-12
10,Michael Hudson,iwalker@yahoo.com,32,South Jennifer,Peru,001-453-771-5309,2025-03-29
11,Benjamin Dixon,gloriabaker@gmail.com,42,Nathanfort,Bosnia and Herzegovina,553-662-7724x508,2024-03-10
12,Anthony Jefferson,icase@gmail.com,42,East Blake,Belarus,2404047112,2022-05-03
13,Meagan Vincent,hollandtaylor@jones.com,51,North Michaelborough,Colombia,(055)333-4575,2022-03-10
14,Kyle Stevenson,jonathonhurley@gmail.com,31,Lake Kevinton,Monaco,518.505.7556,2021-11-13
15,Ryan Smith,tammy14@cortez.com,52,Jennachester,Croatia,8246460572,2021-04-27
16,David Baker,zwhite@hotmail.com,43,East Jeffreyside,Zambia,+1-097-655-9667x179,2024-08-22
17,Brett Ramirez,kkennedy@pearson-park.com,53,North Laurastad,Maldives,252-512-7156x92077,2021-11-13
18,Antonio Armstrong,danderson@gmail.com,31,Michellechester,Montserrat,0042727804,2024-04-07
19,Paula Lewis,harriseric@hotmail.com,38,West Elizabeth,Thailand,479.449.0759x98528,2024-12-29
20,David Walker,stephanietucker@mercer.net,51,East Sheena,Angola,011.431.7785x77279,2022-10-27
21,Alexis Cox,jasminebrock@hotmail.com,63,North Katherine,Cote d'Ivoire,(029)299-6898,2024-02-19
22,Paul Clark,tberry@hotmail.com,36,Holdenbury,Poland,2728784896,2025-08-05
23,Trevor Caldwell,johnsonrachel@gmail.com,29,Lake Danielleberg,Micronesia,(016)373-6255x403,2025-06-13
24,Sarah Williamson,johnburns@yahoo.com,59,Johnstad,Antigua and Barbuda,4542009393,2022-04-17
25,Jennifer Lee,andrea83@yahoo.com,51,Port David,Belize,557-570-5233x739,2023-12-06
26,Jordan Craig,joannevalencia@davis.org,49,Charlesberg,Brunei Darussalam,(004)426-9821x39768,2020-07-24
27,Mia Simmons,phillip39@yahoo.com,56,North Scott,Malawi,+1-327-007-0736,2025-05-01
28,Rachael Hood,crawfordmichael@watkins.biz,69,East Benjaminstad,Guinea,(523)135-8475x1197,2023-11-08
29,Gina White,rmathews@odonnell.com,25,Port Elizabeth,Yemen,993.951.3876,2021-11-30
30,Jessica Smith,afitzpatrick@yahoo.com,18,New Derek,Marshall Islands,001-927-332-2999,2022-10-21
31,Carlos Simpson,stephenjordan@hotmail.com,42,West Krystalshire,Qatar,197-375-4808,2025-03-23
32,Joseph Garner,glennsanchez@hancock-rodgers.com,33,Leebury,British Virgin Islands,5659851383,2025-10-04
33,Mandy Ramsey,wilsonbrooke@sims-ward.com,63,Port Tammyfurt,French Polynesia,551-189-9678,2022-08-16
34,Gerald Smith,josephstewart@ellison.biz,70,Kevinhaven,Papua New Guinea,802-888-1701x263,2022-06-17
35,Jon Gibson,allentimothy@poole-young.com,19,West Sherrytown,Lebanon,(314)953-7884x22254,2022-03-26
36,Scott Mckee,ambercarroll@rivera.com,48,East Vincentport,American Samoa,406-496-4797x71211,2020-08-25
37,Jamie Hodges,anthonyshaw@lewis-payne.net,32,East Vanessa,Saint Barthelemy,3233387400,2022-03-31
38,Jon Bond,fishergeorge@gmail.com,61,Brownview,Mozambique,9419351740,2022-07-10
39,Scott Smith,jamesmccall@gmail.com,35,East Tyler,Latvia,459-505-6097x07218,2021-04-23
40,Sherri Knight,iherrera@hotmail.com,44,Stephenston,Holy See (Vatican City State),+1-492-187-4220x12805,2023-11-05
41,Tim Mitchell,marywillis@gmail.com,23,East Jacquelineview,Antarctica (the territory South of 60 deg S),+1-610-953-5306,2022-04-30
42,Melissa Stevenson,denise71@yahoo.com,44,South Jasonport,Fiji,420.780.5819x587,2023-03-06
43,Henry Carney,virginialane@hicks-barnes.com,50,Port Nicholaschester,Costa Rica,156.669.1108x0612,2024-06-09
44,Ronald Garrett,athomas@mckenzie.com,49,Jonesside,Cayman Islands,421.588.7036x39277,2020-11-21
45,Abigail Porter,wilsondavid@soto.com,45,South Patricialand,Paraguay,(621)296-5308x880,2025-09-12
46,Robert Edwards,david82@hotmail.com,35,Delacruzfort,Somalia,664.253.7192x5092,2025-09-03
47,Laurie Kirby,omiranda@yahoo.com,42,East Claytonport,Falkland Islands (Malvinas),(556)752-6476x437,2023-12-13
48,Cynthia Lozano,alfredbender@kennedy-anderson.org,68,Port Alyssaborough,Norfolk Island,001-869-117-5755x51533,2020-09-04
49,Dr. Joseph Reid,michellemcconnell@george.com,43,Nicoleview,Switzerland,240.921.3803x86877,2023-07-01
50,Bradley Miller,bpark@yahoo.com,38,Lake Carolyn,Eritrea,(907)339-9173,2020-05-15
51,Jesse Murray,sarahrodriguez@stanley.com,64,South Samanthafurt,Palau,(688)654-9708x8200,2024-02-10
52,Susan Barton,pamelaleblanc@yahoo.com,45,Ginabury,Mongolia,427-451-4540,2020-06-17
53,Steven Crawford,mfowler@gmail.com,52,East Anthony,Mauritius,(221)443-4571x94512,2024-03-26
54,Chelsea Jackson,jbennett@yahoo.com,52,Port Larryhaven,Palau,(166)489-3049x702,2021-08-24
55,Nicole Ortiz,garrett39@wilson.biz,47,Estesborough,Saudi Arabia,(791)511-1483x10485,2025-05-27
56,Mr. John Turner,jbutler@hernandez-martinez.org,61,East Tammy,Saint Helena,(753)302-4771x26599,2022-07-16
57,Daniel Garner,karifowler@ward.com,70,North Michael,Maldives,+1-262-146-0912x295,2022-04-28
58,Nicholas Pierce,willisedward@villegas.biz,50,Port Davidport,Saint Vincent and the Grenadines,+1-831-790-2585x31042,2025-09-23
59,Keith Lopez,cjimenez@johnson.com,51,Floresfurt,Palestinian Territory,092.381.1581,2023-02-03
60,Christopher Chung,carlos11@hotmail.com,18,Gomezfort,British Indian Ocean Territory (Chagos Archipelago),395-842-6441x96636,2023-07-14
61,Debbie Blake,lorraine57@hotmail.com,44,Mannhaven,United States of America,(253)568-1051x6386,2022-10-04
62,Nicholas Simpson,cruzlauren@bautista.com,43,Lake Tara,Puerto Rico,+1-456-493-7118x80997,2024-03-04
63,Elizabeth Cline,thompsontoni@murray.com,24,New Katherineton,Denmark,001-231-002-7523x922,2022-09-21
64,Laura Wright,floresjenny@yahoo.com,24,South Seanland,Kazakhstan,024.041.8088x54231,2020-08-09
65,Donna Stephens,juliehurst@frye.com,35,Marymouth,Croatia,325-814-0531x0951,2022-09-08
66,Garrett Williams,thomasgabriel@pearson-farmer.com,65,Geraldberg,Tuvalu,+1-513-743-1361x35720,2022-03-04
67,Brittany Jackson,justinreyes@hotmail.com,35,South Aliciastad,Armenia,400.021.7414x5825,2022-05-11
68,Kari Baldwin,brian08@johnson.biz,58,Garciaview,Aruba,235-485-3192x334,2023-02-23
69,Christopher Sweeney,ronaldblack@yahoo.com,45,North John,Oman,547.654.2511,2021-07-10
70,Travis Hoover,mariaphillips@yahoo.com,65,Robertburgh,Mongolia,215-063-2337x369,2024-03-05
71,Dakota Christensen,stephanie64@hotmail.com,43,Kimhaven,Dominican Republic,(932)303-6400,2023-01-12
72,John Price,ddorsey@hotmail.com,18,Jonathanmouth,United Arab Emirates,+1-894-208-9589,2023-08-01
73,Laura Crawford,santoswhitney@perry.com,27,Benjaminton,Botswana,001-120-207-8423x57141,2022-10-05
74,Angela Shah,antoniohull@vasquez.com,35,Port Maryborough,Cameroon,+1-060-149-7221x0243,2021-05-31
75,Brittany Gutierrez,andrea75@gmail.com,39,Frankfort,Sweden,001-160-265-5458x92312,2021-10-01
76,Claire Ramsey,clayton92@rodriguez-hansen.com,70,West Wendyfurt,Ghana,001-825-219-2846x12422,2024-11-10
77,Kelly West,vryan@gutierrez-brown.com,56,Rodriguezfort,Bolivia,+1-652-733-0344,2020-03-15
78,Tara Burton,tjohnson@baird-richards.com,39,South Patrickburgh,Uganda,(534)563-6179x1794,2025-05-14
79,Maria Greer,jeremywise@davis-baker.biz,28,Lake Sandrafort,Jersey,4838067740,2023-03-19
80,Curtis Carpenter,gomezmichael@nelson.com,56,New Douglas,Azerbaijan,001-376-418-9250,2020-05-01
81,Terry Vasquez,howardjessica@santos.com,62,Bradyton,Oman,136-942-6545x43714,2022-08-28
82,Claire Diaz,taylortravis@hawkins-davis.com,53,Ronaldville,Brazil,001-880-712-1127x73004,2024-12-23
83,Suzanne Miller,walkerdanielle@garcia-nguyen.org,56,Langbury,Aruba,001-838-209-0936x44043,2023-01-22
84,Lori Schmidt,kelly61@hotmail.com,31,Port Adamland,Iceland,886-885-4713,2024-04-04
85,Mary Rasmussen,gonzalezdennis@curry.org,36,Gutierrezmouth,Russian Federation,032-682-2556x2436,2025-05-10
86,Richard Miller,joseph68@moreno.com,22,Lake Justinhaven,French Guiana,001-870-111-2407x08596,2025-08-26
87,Evelyn Frazier,susancruz@hotmail.com,54,South Lisafort,Liechtenstein,+1-835-842-0363x358,2021-06-13
88,Vanessa Roberts,gfrazier@gmail.com,30,North Melindaport,Montenegro,598.582.4187,2020-12-25
89,Sharon Davis,ernest46@hendricks.com,46,North Brian,Svalbard & Jan Mayen Islands,122.764.5652x7449,2020-03-28
90,Jesse Kim,kgarcia@hotmail.com,70,New Kristinville,Iran,5366071138,2023-05-03
91,Stacey Rodriguez,brianchurch@gmail.com,48,South Aaronhaven,Vanuatu,300.602.2343x079,2021-09-13
92,Deborah Smith,hunterchristina@lopez.com,57,Robinsonland,Lao People's Democratic Republic,(195)936-8249,2022-12-02
93,Jessica Tate,gutierrezshannon@ruiz.com,41,Hallland,Timor-Leste,919-669-7959,2021-08-05
94,Marisa Stewart,christopher13@thomas.net,55,New Michelle,Tokelau,+1-902-432-1401x337,2024-08-25
95,Ellen Gallegos,garciakristin@peters.biz,31,Tiffanychester,United Arab Emirates,7069235685,2024-12-27
96,Robin Pham,vthompson@kennedy.com,43,North Charlesmouth,Macedonia,+1-100-989-0908x67854,2020-12-17
97,Jennifer Fox,emmagarcia@hotmail.com,19,Kennethberg,Syrian Arab Republic,001-826-322-9134x9072,2021-07-28
98,Sharon Burns,thompsondeborah@gmail.com,25,South Morganview,Uganda,274.049.4411,2020-09-26
99,Leslie Aguilar,riosmichael@carney.com,28,East Stephanie,Antigua and Barbuda,(604)989-9514,2025-01-01
100,Jason Meyer,epowell@smith.org,59,New Craigfurt,Greenland,+1-171-524-9888x54205,2022-05-10
